epoch,train_all,train_many,train_median,train_low,val_all,val_many,val_median,val_low,val_fscore
1,0.017020089285714284,0.016721181259572566,0.008312301049266413,0.023585858585858585,0.0199,0.03742857142857143,0.017142857142857144,0.0026666666666666666,0.004783604820354871
2,0.04799107142857143,0.0488862510778536,0.009399600859228188,0.006060606060606061,0.0342,0.08285714285714285,0.008571428571428572,0.007333333333333333,0.010255825029676337
3,0.06063988095238095,0.06048939366087308,0.033576981998042515,0.0,0.049,0.1042857142857143,0.026857142857142857,0.010333333333333333,0.01661567911036544
4,0.07654389880952381,0.07698771044920817,0.0314548029714076,0.0033333333333333335,0.0635,0.14685714285714288,0.03371428571428572,0.001,0.024234098199580313
5,0.08500744047619048,0.09289152086824834,0.03541178521732806,0.0033333333333333335,0.0699,0.1634285714285714,0.03428571428571429,0.0023333333333333335,0.026296639117301967
