epoch,train_all,train_many,train_median,train_low,val_all,val_many,val_median,val_low,val_fscore
1,0.7596842447916666,0.6012472125380385,0.17424242424242425,0.0,0.7035,0.8345,0.1795,0.0,0.6630046478856791
2,0.82275390625,0.7577818707289419,0.45679012345679015,0.0,0.8131,0.8314999999999999,0.7395,0.0,0.8117243930260912
3,0.7906087239583334,0.7386163276884987,0.7371251629726205,0.0,0.823,0.831,0.791,0.0,0.8214842598146055
4,0.7900390625,0.7533154833630084,0.6994444444444444,0.0,0.8262,0.8296250000000001,0.8125,0.0,0.8257950832468393
5,0.7835286458333334,0.7518927608447785,0.7791666666666666,0.0,0.827,0.8311249999999999,0.8105,0.0,0.826664010997817
6,0.7669270833333334,0.727061654297485,0.7699961729812477,0.0,0.8345,0.837,0.8245,0.0,0.8339165993972772
7,0.7669270833333334,0.7436516672443596,0.8090909090909091,0.0,0.8319,0.836875,0.812,0.0,0.8316740715986066
8,0.76318359375,0.7408123907267683,0.794973544973545,0.0,0.8339,0.831125,0.845,0.0,0.8331544222509445
